Data,Sentence,Gold,Pred,FP,FN,Overlap
NCBI,29 ml / min / kg in OD vs . 1 . 28 + / - 0 . 33 ml / min / kg in TD ) .,"['-', '-']","['OD', 'TD']","['OD', 'TD']",[],[]
NCBI,"7 days later , the fever disappeared and the patient ' s serum CPK levels were normalized ( 175 IU / L ) .",['fever'],['-'],[],['fever'],[]
NCBI,A case is presented that is unique in that the acute onset and the rapid resolution of pyeloureteral filling defects in this patient were documented by radiography .,"['-', '-', '-']","['pyeloureteral', 'filling', 'defects']","['pyeloureteral', 'filling', 'defects']",[],[]
NCBI,"A case of acute inflammatory myopathy associated with the use of pravastatin , a new hydrophilic 3 - hydroxy - 3 methylglutaril coenzyme A reductase inhibitor , is reported .","['-', 'inflammatory']","['acute', 'inflammatory']",['acute'],[],['inflammatory']
NCBI,A case of lithium - induced diabetes insipidus is reported .,['-'],['lithium'],['lithium'],[],[]
NCBI,A dystonia - like syndrome after neuropeptide ( MSH / ACTH ) stimulation of the rat locus ceruleus .,"['-', '-', '-']","['-', 'like', 'syndrome']","['-', 'like', 'syndrome']",[],[]
NCBI,A further group of 25 patients under polychemotherapy with IF were treated by conventional prophylactic measures ( raised fluid intake and forced diuresis ) .,['-'],['IF'],['IF'],[],[]
NCBI,"A palpable venous cord was present in 23 % ( 14 of 62 ) of patients in the diazepam group , compared with 2 % ( 1 of 60 patients ) in the midazolam group ( p < 0 . 002 ) .",['-'],['cord'],['cord'],[],[]
NCBI,"A patient developed a severe cholinergic syndrome from the use of echothiophate iodide ophthalmic drops , presented with profound muscle weakness and was initially given the diagnosis of myasthenia gravis .","['-', '-']","['cholinergic', 'syndrome']","['cholinergic', 'syndrome']",[],[]
NCBI,A phase II study of thalidomide in advanced metastatic renal cell carcinoma .,"['-', '-', 'renal']","['advanced', 'metastatic', 'renal']","['advanced', 'metastatic']",[],['renal']
NCBI,"A rare cause , drug - induced vasculitis , may result from the production of antineutrophil cytoplasmic antibodies ( ANCAs ) in response to a medication .",['vasculitis'],['vasculitis'],[],[],['vasculitis']
NCBI,"A technique of continuous intravenous anaesthesia with ketamine was used successfully during the Somalia civil war in 1994 and in north Uganda in 1999 for 64 operations in 62 patients , aged from 6 weeks to 70 years , undergoing limb and abdominal surgery including caesarian sections and interventions in neonates .","['-', '-', '-', '-']","['limb', 'and', 'abdominal', 'surgery']","['limb', 'and', 'abdominal', 'surgery']",[],[]
NCBI,AMN082 ( 2 . 5 and 5 mg / kg ) reduces apomorphine - induced rotations in unilateral 6 - hydroxydopamine ( 6 - OHDA ) - lesioned rats .,['-'],['hydroxydopamine'],['hydroxydopamine'],[],[]
NCBI,AUTHORS ' CONCLUSIONS : HT is not indicated for the routine management of chronic disease .,['-'],['chronic'],['chronic'],[],[]
NCBI,"Abdominal ultrasound showed an adrenal mass , and postoperative histologic examination confirmed the diagnosis of pheochromocytoma .",['-'],['adrenal'],['adrenal'],[],[]
NCBI,Activation of the nuclear enzyme poly ( ADP - ribose ) polymerase ( PARP ) by oxidant - mediated DNA damage is an important pathway of cell dysfunction and tissue injury in conditions associated with oxidative stress .,"['-', '-', '-']","['dysfunction', 'tissue', 'injury']","['dysfunction', 'tissue', 'injury']",[],[]
NCBI,Acute doxorubicin - loaded nanoparticle ( DXNP ) renal toxicity was explored in both normal rats and rats with experimental glomerulonephritis .,"['renal', 'toxicity']","['-', '-']",[],"['renal', 'toxicity']",[]
NCBI,Acute renal toxicity of doxorubicin ( adriamycin ) - loaded cyanoacrylate nanoparticles .,"['renal', 'toxicity']","['-', '-']",[],"['renal', 'toxicity']",[]
NCBI,"Additional neuronanatomical studies , including cresyl violet staining , neuronal degeneration methods , and histochemical localization of glial fibrillary acidic protein , suggested that the decrease in the number of GAD mRNA - containing neurons was related to neuronal loss rather than to a decrease in GAD mRNA levels .","['neuronal', 'loss']","['-', '-']",[],"['neuronal', 'loss']",[]
NCBI,"Additionally , in terms of management of EMB - induced optic neuropathy , it is important to properly manage ethambutol dosing in patients with renal impairment and to achieve proper transition to a maintenance dose once an appropriate loading dose has been reached .",['-'],['EMB'],['EMB'],[],[]
NCBI,"After 5 weeks of bupropion use , the subject experienced a generalized tonic clonic seizure after staying up nearly all night packing and moving to a new residence .","['-', '-', '-', 'seizure']","['generalized', 'tonic', 'clonic', 'seizure']","['generalized', 'tonic', 'clonic']",[],['seizure']
NCBI,"After excluding case reports , the following groups were constructed : ( a ) short - term administration , after valve insertion ( n = 212 ) ; ( b ) short - term , perioperative ( noncardiac ) / periprocedural ( n = 114 ) ; ( c ) long - term , due to intolerance to OAC ( n = 16 ) ; ( d ) long - term , in pregnancy ( n = 10 ) .","['-', '-', '-']","['intolerance', 'to', 'OAC']","['intolerance', 'to', 'OAC']",[],[]
NCBI,Alkaline phosphatase and glucose were markedly and transiently elevated in proximal tubular damage and N - acetyl - beta - glucosaminidase showed a sustained elevation in papillary damage .,"['-', '-', '-', '-', '-']","['proximal', 'tubular', 'damage', 'papillary', 'damage']","['proximal', 'tubular', 'damage', 'papillary', 'damage']",[],[]
NCBI,All three anesthetics produced massive degeneration of the extraocular muscles .,"['-', '-', '-', '-']","['degeneration', 'of', 'extraocular', 'muscles']","['degeneration', 'of', 'extraocular', 'muscles']",[],[]
NCBI,"Also , histopathological renal tissue damage mediated by cisplatin was ameliorated by coenzyme Q10 treatment .","['renal', 'tissue', 'damage']","['-', '-', '-']",[],"['renal', 'tissue', 'damage']",[]
NCBI,"Although in the acute stage the renal lesions histologically appeared toxic , evidence suggestive of an immunological mechanism cannot be excluded .","['renal', 'lesions']","['-', '-']",[],"['renal', 'lesions']",[]
NCBI,"Although ribavirin - associated anemia can be reversed by dose reduction or discontinuation , this approach compromises outcomes by significantly decreasing SVR rates .",['-'],['SVR'],['SVR'],[],[]
NCBI,Amphetamine abuse was predictive of larger cranial to body growth ratios .,['-'],['Amphetamine'],['Amphetamine'],[],[]
NCBI,Analysis of the manifestations showed that severe impairment of memory accounted for virtually all of the abnormalities .,"['-', '-', '-']","['impairment', 'of', 'memory']","['impairment', 'of', 'memory']",[],[]
NCBI,Angiotensin - converting enzyme ( ACE ) inhibitor - associated angioedema of the stomach and small intestine : a case report .,"['-', '-', '-', '-', '-', '-', '-']","['Angiotensin', 'of', 'the', 'stomach', 'and', 'small', 'intestine']","['Angiotensin', 'of', 'the', 'stomach', 'and', 'small', 'intestine']",[],[]
NCBI,"Any other suspected cases of ocular toxicity associated with topically applied chloramphenicol should be reported to the National Registry of Drug - Induced Ocular Side Effects , Oregon Health Sciences University , Portland , OR 97201 .","['ocular', 'toxicity']","['-', '-']",[],"['ocular', 'toxicity']",[]
NCBI,"As it revealed chloroquine - induced myopathy , medication was stopped .",['-'],['chloroquine'],['chloroquine'],[],[]
NCBI,"At the 1 . 0 % dosage level , 20 % of rats of both sexes developed neoplastic nodules of the liver , a statistically significant incidence .","['-', '-', '-', '-', '-']","['neoplastic', 'nodules', 'of', 'the', 'liver']","['neoplastic', 'nodules', 'of', 'the', 'liver']",[],[]
NCBI,"At the 16th week of carcinogen feeding , hyperplastic nodules appeared and advanced to further stages .","['-', '-']","['hyperplastic', 'nodules']","['hyperplastic', 'nodules']",[],[]
NCBI,Auditory disturbance associated with interscalene brachial plexus block .,"['-', '-', '-', '-', '-']","['disturbance', 'interscalene', 'brachial', 'plexus', 'block']","['disturbance', 'interscalene', 'brachial', 'plexus', 'block']",[],[]
NCBI,BACKGROUND : Adenovirus is an important cause of morbidity and mortality in the immunocompromised host .,"['-', '-']","['Adenovirus', 'immunocompromised']","['Adenovirus', 'immunocompromised']",[],[]
NCBI,BACKGROUND : Spontaneous reporting systems for adverse drug reactions ( ADRs ) are handicapped by under - reporting and limited detail on individual cases .,"['-', '-', '-']","['adverse', 'drug', 'ADRs']","['adverse', 'drug', 'ADRs']",[],[]
NCBI,"BACKGROUND : The interruption of oral anticoagulant ( OAC ) administration is sometimes indicated in patients with mechanical heart valves , mainly before noncardiac surgery , non - surgical interventions , and pregnancy .","['-', '-', '-']","['mechanical', 'heart', 'valves']","['mechanical', 'heart', 'valves']",[],[]
NCBI,BACKGROUND : The prognosis for transplant - free survivors of paracetamol - induced acute liver failure remains unknown .,['-'],['paracetamol'],['paracetamol'],[],[]
NCBI,"Because carbamazepine is widely used in the treatment of many neurologic and psychiatric conditions , the recognition of the latter syndrome has important implications for the use of this drug in elderly patients .","['-', '-', 'psychiatric', '-']","['neurologic', 'and', 'psychiatric', 'conditions']","['neurologic', 'and', 'conditions']",[],['psychiatric']
NCBI,Biochemical investigations are in progress to obtain more information about this ' paradoxical ' PB effect .,['-'],['PB'],['PB'],[],[]
NCBI,Both patients had received maximum doses of other beta - lactam antibiotics without evidence of seizure activity .,['seizure'],['-'],[],['seizure'],[]
NCBI,"By multivariate analysis , in both the placebo and enalapril groups older age , diuretic therapy , and diabetes were associated with decreased renal function , whereas beta - blocker therapy and higher ejection fraction were renoprotective .","['diabetes', 'decreased', 'renal', 'function']","['-', '-', '-', '-']",[],"['diabetes', 'decreased', 'renal', 'function']",[]
NCBI,"By using pharmacokinetic pharmacodynamic modeling the pharmacodynamics of racemic metoprolol and the active S - isomer , were quantitated in EMs and PMs in terms of IC50 values , representing metoprolol plasma concentrations resulting in half - maximum receptor occupancy .","['-', '-']","['EMs', 'PMs']","['EMs', 'PMs']",[],[]
NCBI,CASE : A 49 - year - old patient experienced chest discomfort while swallowing .,"['-', '-']","['chest', 'discomfort']","['chest', 'discomfort']",[],[]
NCBI,CASE : A 52 - year - old postmenopausal woman was treated with tamoxifen for stage II estrogen receptor - positive breast carcinoma .,"['-', '-', '-', '-', '-', '-']","['stage', 'II', 'estrogen', 'receptor', '-', 'positive']","['stage', 'II', 'estrogen', 'receptor', '-', 'positive']",[],[]
NCBI,CLINICAL PICTURE : Three patients with ethambutol - associated toxic optic neuropathy are described .,"['-', 'optic']","['toxic', 'optic']",['toxic'],[],['optic']
NCBI,CONCLUSION : Hospitalized elderly patients are at risk for developing indomethacin related renal dysfunction .,['-'],['indomethacin'],['indomethacin'],[],[]
NCBI,CONCLUSION : Lovastatin is highly effective and generally well tolerated as therapy for primary hypercholesterolemia in women .,"['-', 'hypercholesterolemia']","['primary', 'hypercholesterolemia']",['primary'],[],['hypercholesterolemia']
NCBI,CONCLUSION : Myopic excimer laser PRK did not seem to affect the posterior segment .,['-'],['Myopic'],['Myopic'],[],[]
NCBI,CONCLUSIONS : Cyclophosphamide associated bladder tumor is an aggressive disease .,"['-', '-']","['Cyclophosphamide', 'associated']","['Cyclophosphamide', 'associated']",[],[]
NCBI,CONCLUSIONS : Delayed - onset heparin - induced thrombocytopenia is increasingly being recognized .,"['-', 'thrombocytopenia']","['heparin', 'thrombocytopenia']",['heparin'],[],['thrombocytopenia']
NCBI,"CONCLUSIONS : During this study period , routine plasma screening for cocaine and amphetamines in adult seizure patients had a low yield .",['seizure'],['-'],[],['seizure'],[]
NCBI,"CONCLUSIONS : In patients with mechanical heart valves , short - term LMWH therapy compares favorably with UH .","['-', '-', '-']","['mechanical', 'heart', 'valves']","['mechanical', 'heart', 'valves']",[],[]
NCBI,CONCLUSIONS : Several pathophysiological models of delayed leukoencephalopathy after exposure to intrathecal or systemic chemotherapy have been proposed .,"['-', 'leukoencephalopathy']","['delayed', 'leukoencephalopathy']",['delayed'],[],['leukoencephalopathy']
NCBI,CONCLUSIONS : The OCT results in these patients with EMB - induced optic neuropathy show considerable loss especially of the temporal fibers .,['-'],['EMB'],['EMB'],[],[]
NCBI,Carboplatin has been reported to cause acute renal failure when administered in high doses to adult patients .,['acute'],['-'],[],['acute'],[]
NCBI,"Cardiac function was assessed in long - term survivors of malignant bone tumors who were treated according to Rosen ' s T5 or T10 protocol , both including doxorubicin .","['-', 'bone']","['malignant', 'bone']",['malignant'],[],['bone']
NCBI,"Catheterization abnormalities correlated well with morphologic damage ( r = 0 . 57 to 0 . 78 ) in a subgroup of patients in whom exercise hemodynamics were measured , and this relationship also exhibited a curvilinear , threshold configuration .","['-', '-']","['Catheterization', 'abnormalities']","['Catheterization', 'abnormalities']",[],[]
NCBI,Cefotetan - induced immune hemolytic anemia .,"['-', 'hemolytic']","['immune', 'hemolytic']",['immune'],[],['hemolytic']
NCBI,Changes in peroxisomes in preneoplastic liver and hepatoma of mice induced by alpha - benzene hexachloride .,"['-', '-']","['preneoplastic', 'liver']","['preneoplastic', 'liver']",[],[]
NCBI,Chemotherapy of advanced inoperable non - small cell lung cancer with paclitaxel : a phase II trial .,"['-', '-', 'non']","['advanced', 'inoperable', 'non']","['advanced', 'inoperable']",[],['non']
NCBI,Chronic CBZ also decreased the incidence of seizure - related mortality in the cocaine - injected rats .,['seizure'],['-'],[],['seizure'],[]
NCBI,Chronic effects of a novel synthetic anthracycline derivative ( SM - 5887 ) on normal heart and doxorubicin - induced cardiomyopathy in beagle dogs .,['-'],['doxorubicin'],['doxorubicin'],[],[]
NCBI,Co - administration of lidocaine with desipramine reversed the changes of convulsive activity of lidocaine and cocaine induced by repeated administration of desipramine .,['convulsive'],['-'],[],['convulsive'],[]
NCBI,Comparison of the effectiveness of ranitidine and cimetidine in inhibiting acid secretion in patients with gastric hypersecretory states .,"['-', '-', '-']","['gastric', 'hypersecretory', 'states']","['gastric', 'hypersecretory', 'states']",[],[]
NCBI,Complete resolution of symptoms within 1 - 4 days was accompanied by normalisation of ADC abnormalities .,"['-', '-']","['ADC', 'abnormalities']","['ADC', 'abnormalities']",[],[]
NCBI,"Conversely , enalapril had a relative renoprotective effect ( RR 1 . 33 , 95 % CI 1 . 13 - 1 . 53 ) compared with placebo ( RR 1 . 96 , 95 % CI 1 . 57 - 2 . 44 ) in patients with diabetes .",['diabetes'],['-'],[],['diabetes'],[]
NCBI,Coronary angiography revealed no obstructive coronary lesions .,"['-', '-', '-']","['obstructive', 'coronary', 'lesions']","['obstructive', 'coronary', 'lesions']",[],[]
NCBI,"Creatinine clearance , maximum urinary osmolality and 24 hour urine volume have been tested in 50 affectively ill patients who have been on long - term lithium for more than one year .",['-'],['affectively'],['affectively'],[],[]
NCBI,Cyclophosphamide associated bladder cancer - - a highly aggressive disease : analysis of 12 cases .,"['-', '-']","['Cyclophosphamide', 'associated']","['Cyclophosphamide', 'associated']",[],[]
NCBI,DESIGN : The medical records of 206 dogs that were treated with CCNU at the Melbourne Veterinary Specialist Centre between February 2002 and December 2007 were retrospectively evaluated .,['-'],['CCNU'],['CCNU'],[],[]
NCBI,"DISCUSSION : Our series of patients is representative of the spectrum of immunocompromised children at greatest risk for severe adenovirus disease , namely solid - organ and bone marrow transplant recipients , neonates , and children with immunodeficiency .",['-'],['immunocompromised'],['immunocompromised'],[],[]
NCBI,Delayed - onset heparin - induced thrombocytopenia .,"['-', '-', 'thrombocytopenia']","['heparin', 'induced', 'thrombocytopenia']","['heparin', 'induced']",[],['thrombocytopenia']
NCBI,Delayed recognition and treatment of heparin - induced thrombocytopenia contribute to poor patient outcomes .,"['-', 'thrombocytopenia']","['heparin', 'thrombocytopenia']",['heparin'],[],['thrombocytopenia']
NCBI,Detection of abnormal cardiac adrenergic neuron activity in adriamycin - induced cardiomyopathy with iodine - 125 - metaiodobenzylguanidine .,['-'],['adriamycin'],['adriamycin'],[],[]
NCBI,Dexmedetomidine and cardiac protection for non - cardiac surgery : a meta - analysis of randomised controlled trials .,"['-', '-', '-', '-']","['non', '-', 'cardiac', 'surgery']","['non', '-', 'cardiac', 'surgery']",[],[]
NCBI,Dexmedetomidine is useful as the sole sedative for pediatric MRI .,['-'],['MRI'],['MRI'],[],[]
NCBI,"Diuretic therapy was likewise associated with a greater risk of decreased renal function in the enalapril group ( RR 1 . 89 , 95 % CI 1 . 70 - 2 . 08 ) than in the placebo group ( RR 1 . 35 , 95 % CI 1 . 09 - 1 . 66 ) .","['decreased', 'renal', 'function']","['-', '-', '-']",[],"['decreased', 'renal', 'function']",[]
NCBI,Dose - effect and structure - function relationships in doxorubicin cardiomyopathy .,"['-', 'cardiomyopathy']","['doxorubicin', 'cardiomyopathy']",['doxorubicin'],[],['cardiomyopathy']
NCBI,Doxorubicin cardiomyopathy in children with left - sided Wilms tumor .,"['-', 'cardiomyopathy', '-', '-', '-', 'Wilms']","['Doxorubicin', 'cardiomyopathy', 'left', '-', 'sided', 'Wilms']","['Doxorubicin', 'left', '-', 'sided']",[],"['cardiomyopathy', 'Wilms']"
NCBI,"EXPERIMENTAL DESIGN : Because of their widespread use , the hematologic toxicity following coadministration of dexrazoxane and these three structurally different DNA cleavage enhancers was investigated : Sensitivity of human and murine blood progenitor cells to etoposide , daunorubicin , and doxorubicin + / - dexrazoxane was determined in granulocyte - macrophage colony forming assays .","['hematologic', 'toxicity']","['-', '-']",[],"['hematologic', 'toxicity']",[]
NCBI,"Earlier studies have demonstrated that antagonism of sigma1 receptors attenuates the convulsive , lethal , locomotor stimulatory and rewarding actions of cocaine in mice .",['convulsive'],['-'],[],['convulsive'],[]
NCBI,"Early identification , eg by polymerase chain reaction of those patients at risk of disseminated adenovirus disease may permit earlier antiviral treatment and better evaluation of therapeutic response .","['-', 'adenovirus']","['disseminated', 'adenovirus']",['disseminated'],[],['adenovirus']
NCBI,Effect of myopic excimer laser photorefractive keratectomy on the electrophysiologic function of the retina and optic nerve .,"['-', '-']","['myopic', 'keratectomy']","['myopic', 'keratectomy']",[],[]
NCBI,Efficacy and tolerability of lovastatin in 3390 women with moderate hypercholesterolemia .,['-'],['moderate'],['moderate'],[],[]
NCBI,Eight of these cases of severe immune hemolytic anemia are described .,"['-', 'hemolytic']","['immune', 'hemolytic']",['immune'],[],['hemolytic']
NCBI,Electrocardiographic T and U wave abnormalities were present in most patients .,"['-', '-', '-', '-', '-']","['T', 'and', 'U', 'wave', 'abnormalities']","['T', 'and', 'U', 'wave', 'abnormalities']",[],[]
NCBI,"Electron microscopy , however , revealed subepithelial electron - dense deposits , fusion of epithelial cell foot processes , and evidence of mesangial cell hyperactivity .","['-', '-', '-']","['mesangial', 'cell', 'hyperactivity']","['mesangial', 'cell', 'hyperactivity']",[],[]
NCBI,Ethambutol - associated optic neuropathy .,['-'],['Ethambutol'],['Ethambutol'],[],[]
NCBI,Even more dramatic changes were found in chronic overload group .,"['-', '-']","['chronic', 'overload']","['chronic', 'overload']",[],[]
NCBI,Extrapyramidal side effects and oral haloperidol : an analysis of explanatory patient and treatment characteristics .,"['-', '-']","['Extrapyramidal', 'side']","['Extrapyramidal', 'side']",[],[]
NCBI,F d ration Nationale des Centres de Lutte Contre le Cancer ( FNCLCC ) .,['-'],['Cancer'],['Cancer'],[],[]
NCBI,Failure of ancrod in the treatment of heparin - induced arterial thrombosis .,"['-', '-', 'thrombosis']","['heparin', 'arterial', 'thrombosis']","['heparin', 'arterial']",[],['thrombosis']
NCBI,"For this reason , each clinician should recognize this entity in the differential diagnosis of PB - related asymptomatic chronic hepatic enzyme dysfunction .","['-', 'chronic']","['PB', '-']",['PB'],['chronic'],[]
NCBI,"Fourteen weeks after the start of phosphate supplementation , half of the Nx and Sham dogs received doses of OCT ( three times per week ) ; the other half were given vehicle for 60 weeks .",['-'],['Nx'],['Nx'],[],[]
NCBI,"From the analysis of these cases , two distinct forms of carbamazepine - associated cardiac dysfunction emerged .",['-'],['carbamazepine'],['carbamazepine'],[],[]
NCBI,Furosemide may be deleterious in the prevention of radiocontrast nephropathy .,"['-', 'nephropathy']","['radiocontrast', 'nephropathy']",['radiocontrast'],[],['nephropathy']
NCBI,"Further , steroid myopathy recovers naturally and the neurological improvement shown in the NASCIS may be just a recording of this natural motor recovery from the steroid myopathy , instead of any protection that methylprednisolone offers to the spinal cord injury .","['-', 'myopathy', '-', 'myopathy']","['steroid', 'myopathy', 'steroid', 'myopathy']","['steroid', 'steroid']",[],"['myopathy', 'myopathy']"
NCBI,Further randomized studies are needed to confirm the safety and precise indications for the use of LMWH in patients with mechanical heart valves .,"['-', '-', '-']","['mechanical', 'heart', 'valves']","['mechanical', 'heart', 'valves']",[],[]
NCBI,Gentamicin nephropathy in a neonate .,"['-', 'nephropathy']","['Gentamicin', 'nephropathy']",['Gentamicin'],[],['nephropathy']
NCBI,He developed acute liver failure with rapid deterioration of renal function .,"['-', '-']","['renal', 'function']","['renal', 'function']",[],[]
NCBI,He was admitted with acute myopathy of the lower limbs which resolved in a few days after pravastatin discontinuation .,"['-', '-', '-', '-', '-']","['acute', 'of', 'the', 'lower', 'limbs']","['acute', 'of', 'the', 'lower', 'limbs']",[],[]
NCBI,Heparin - induced thrombocytopenia after liver transplantation .,['-'],['Heparin'],['Heparin'],[],[]
NCBI,High dose dexmedetomidine as the sole sedative for pediatric MRI .,['-'],['MRI'],['MRI'],[],[]
NCBI,Higher metoprolol / alpha - hydroxymetoprolol ratios in PMs were predictive for higher R - / S - isomer ratios of unchanged drug .,['-'],['PMs'],['PMs'],[],[]
NCBI,His subsequent course was remarkable for non - immune thrombocytopenia which resolved .,"['-', '-', '-', 'thrombocytopenia']","['non', '-', 'immune', 'thrombocytopenia']","['non', '-', 'immune']",[],['thrombocytopenia']
NCBI,"Histopathological examination revealed severe renal damage such as proteinaceous casts in tubuli and tubular expansion in the kidney of control rats , while an improvement of the damage was seen in antithrombin - treated rats .","['renal', 'damage']","['-', '-']",[],"['renal', 'damage']",[]
NCBI,"However , adverse effects include cardiac toxicity .","['cardiac', 'toxicity']","['-', '-']",[],"['cardiac', 'toxicity']",[]
NCBI,"However , early on , when the toxic optic neuropathy is mild and partly reversible , the funduscopic findings are often subtle and easy to miss .","['-', 'optic']","['toxic', 'optic']",['toxic'],[],['optic']
NCBI,"However , in the ADR - nephropathy group , numerous apoptotic cells were identified in the tubulointerstitial areas .","['-', '-', 'nephropathy']","['ADR', '-', 'nephropathy']","['ADR', '-']",[],['nephropathy']
NCBI,"However , no significant effects were found with other visual analog scales reflecting subjective sedation and clear - headedness .","['-', '-', '-']","['clear', '-', 'headedness']","['clear', '-', 'headedness']",[],[]
NCBI,"However , these other potential causes of seizure were ruled out .",['seizure'],['-'],[],['seizure'],[]
NCBI,Human malignant brain tumors have a poor prognosis in spite of surgery and radiation therapy .,"['-', 'brain']","['malignant', 'brain']",['malignant'],[],['brain']
NCBI,Immune hemolytic anemia due to a drug - adsorption mechanism has been described primarily in patients receiving penicillins and first - generation cephalosporins .,"['-', 'hemolytic']","['Immune', 'hemolytic']",['Immune'],[],['hemolytic']
NCBI,"Improvement began within 3 to 6 months and consisted of cessation of active cutaneous lesions in all 7 patients , skin softening in 5 , and more normal growth of the affected limb in 2 of 3 children .","['-', '-']","['cutaneous', 'lesions']","['cutaneous', 'lesions']",[],[]
NCBI,In 13 patients we observed the effects of HCTZ therapy ( 100 mg daily ) on the occurrence of PVC ' s during rest as well as during static and dynamic exercise .,['-'],['PVC'],['PVC'],[],[]
NCBI,"In 40 % of treated patients , an arthralgia - myalgia syndrome develops .","['-', 'myalgia', '-']","['-', 'myalgia', 'syndrome']","['-', 'syndrome']",[],['myalgia']
NCBI,"In PMs , metoprolol increased the terbutaline area under the plasma concentration vs . time curve ( + 67 % ) .",['-'],['PMs'],['PMs'],[],[]
NCBI,"In a phase I study to determine the maximum tolerated dose of paclitaxel ( Taxol ; Bristol - Myers Squibb Company , Princeton , NJ ) given as a 3 - hour infusion in combination with carboplatin administered every 21 days to women with advanced ovarian cancer , paclitaxel doses were escalated as follows : level 1 , 135 mg / m2 ; level 2 , 160 mg / m2 ; level 3 , 185 mg / m2 ; and level 4 , 210 mg / m2 .","['-', 'ovarian']","['advanced', 'ovarian']",['advanced'],[],['ovarian']
NCBI,"In addition , OCT improved mineralization lag time , ( that is , the rate at which osteoid mineralizes ) in both Nx and Sham dogs .",['-'],['Nx'],['Nx'],[],[]
NCBI,"In addition , it almost abolished the macroscopic and microscopic alterations induced by IFS .",['-'],['IFS'],['IFS'],[],[]
NCBI,"In addition to muscle damage , severe damage was also seen in harderian glands , especially after exposure to mepivacaine and lidocaine plus epinephrine .","['muscle', 'damage']","['-', '-']",[],"['muscle', 'damage']",[]
NCBI,"In cisapride - treated diarrhoea - predominant patients the mean contraction amplitude was higher ( 29 . 3 + / - 3 . 2 versus 24 . 9 + / - 2 . 6 mm Hg , cisapride versus placebo ( P < 0 . 001 ) ; pretreatment , 25 . 7 + / - 6 . 0 mm Hg ) , the mean contraction duration longer ( 3 . 4 + / - 0 . 2 versus 3 . 0 + / - 0 . 2 sec , cisapride versus placebo ( P < 0 . 001 ) ;",['-'],['predominant'],['predominant'],[],[]
NCBI,"In conclusion , there is no evidence for an inflammatory origin of succinylcholine - associated myalgia .",['-'],['succinylcholine'],['succinylcholine'],[],[]
NCBI,"In contrast , such extensive lesions were never found in the PCC group .",['-'],['PCC'],['PCC'],[],[]
NCBI,"In patients receiving tacrolimus therapy , blood concentration should be carefully controlled and extreme attention paid to cardiac involvement .",['-'],['cardiac'],['cardiac'],[],[]
NCBI,In the IPRK phenylephrine and acetylcholine related responses were significantly impaired in the ADR - nephropathy group .,"['-', '-', 'nephropathy']","['ADR', '-', 'nephropathy']","['ADR', '-']",[],['nephropathy']
NCBI,"In the NASCIS , there was no mention regarding the possibility of acute corticosteroid myopathy that high - dose methylprednisolone may cause .","['-', 'myopathy']","['corticosteroid', 'myopathy']",['corticosteroid'],[],['myopathy']
NCBI,"In the ischemic core , there was no difference in SG in the subcortex and cortex in the two groups .",['ischemic'],['-'],[],['ischemic'],[]
NCBI,"In these animals , only minor increases of serum transaminase activities were measured in the presence of AAP , and unlike the exacerbation caused by ethanol in mice on a standard diet , the liver damage was inhibited by 50 % by ethanol .","['liver', 'damage']","['-', '-']",[],"['liver', 'damage']",[]
NCBI,"In this report , we encountered a patient with decompensated HBV - related cirrhosis who exhibited the dramatic improvements after antiviral therapy .","['-', '-', '-', '-', 'cirrhosis']","['decompensated', 'HBV', '-', 'related', 'cirrhosis']","['decompensated', 'HBV', '-', 'related']",[],['cirrhosis']
NCBI,"Increased extracellular concentrations of uridine ( Urd ) have been reported to reduce , in vitro , azidothymidine ( AZT ) - induced inhibition of human granulocyte - macrophage progenitor cells without impairment of its antihuman immunodeficiency virus ( HIV ) activity .","['immunodeficiency', '-']","['immunodeficiency', 'virus']",['virus'],[],['immunodeficiency']
NCBI,Intravenous phenytoin was administered during the later part of the surgery for seizure prophylaxis .,['seizure'],['-'],[],['seizure'],[]
NCBI,Intravenous ribavirin treatment for severe adenovirus disease in immunocompromised children .,['-'],['immunocompromised'],['immunocompromised'],[],[]
NCBI,"It consists of microangiopathic hemolytic anemia , thrombocytopenia and progressive renal failure associated with mitomycin C treatment and affects about 10 % of patients treated with this agent .","['-', 'hemolytic']","['microangiopathic', 'hemolytic']",['microangiopathic'],[],['hemolytic']
NCBI,It is recommended that doxorubicin dosage be sharply restricted in children with Wilms tumor of the left kidney who receive postoperative irradiation .,"['-', '-', '-', '-']","['of', 'the', 'left', 'kidney']","['of', 'the', 'left', 'kidney']",[],[]
NCBI,Ketamine in war / tropical surgery ( a final tribute to the racemic mixture ) .,['-'],['war'],['war'],[],[]
NCBI,Known causes of movement disorders were eliminated after evaluation .,['disorders'],['-'],[],['disorders'],[]
NCBI,Levodopa equivalent daily intake was significantly reduced in the STN group .,['-'],['STN'],['STN'],[],[]
NCBI,Long - term prognosis for transplant - free survivors of paracetamol - induced acute liver failure .,['-'],['paracetamol'],['paracetamol'],[],[]
NCBI,"Loreclezole ( 5 mg / kg ) exerted a significant protective action in amygdala - kindled rats , reducing both seizure and afterdischarge durations .",['seizure'],['-'],[],['seizure'],[]
NCBI,Low - molecular - weight heparin for the treatment of patients with mechanical heart valves .,"['-', '-', '-']","['mechanical', 'heart', 'valves']","['mechanical', 'heart', 'valves']",[],[]
NCBI,MATERIALS AND METHODS : The medical records of 6 men and 6 women ( mean age 55 years ) with cyclophosphamide associated bladder cancer were reviewed .,['-'],['cyclophosphamide'],['cyclophosphamide'],[],[]
NCBI,"MESNA was given orally on the days of treatment with IF in 3 doses of 840 mg / m2 , each administered at 0 hr ( = injection of IF ) , 4 hr and 8 hr p . i .",['-'],['IF'],['IF'],[],[]
NCBI,"METHODS : ASA was administered as a single dose on GD 9 ( 0 , 250 , 500 , or 625 mg / kg ) , 10 ( 0 , 500 , 625 , or 750 mg / kg ) , or 11 ( 0 , 500 , 750 , or 1000 mg / kg ) and from GD 6 to GD 17 ( 0 , 50 , 125 , or 250 mg / kg a day ) in the multiple dose study to SD rats .",['-'],['SD'],['SD'],[],[]
NCBI,"METHODS : For this paper , the current medical literature on LMWH in patients with mechanical heart valves was extensively reviewed .","['-', '-', '-']","['mechanical', 'heart', 'valves']","['mechanical', 'heart', 'valves']",[],[]
NCBI,"METHODS : In October , 1992 , we started a double - blind placebo - controlled , randomised trial of tamoxifen in women ( mainly in Italy ) who did not have breast cancer and who had had a hysterectomy .",['-'],['hysterectomy'],['hysterectomy'],[],[]
NCBI,METHODS : Serious ADR reports have been solicited from local clinicians by regular postcards over the past seven years .,['-'],['ADR'],['ADR'],[],[]
NCBI,METHODS : Standard pattern electroretinograms ( P - ERGs ) and standard pattern visual evoked potentials ( P - VEPs ) were done in 25 eyes of 25 patients who had myopic PRK for an attempted correction between 5 . 00 and 15 . 00 diopters ( D ) ( mean 8 . 00 D ) .,"['-', '-']","['myopic', 'PRK']","['myopic', 'PRK']",[],[]
NCBI,METHODS : This prospective study evaluated consecutive eligible seizure patients who had a plasma sample collected as part of their clinical evaluation .,['seizure'],['-'],[],['seizure'],[]
NCBI,"METHODS : We followed up all transplant - free survivors of paracetamol - induced acute liver injury , hospitalized in a Danish national referral centre during 1984 - 2004 .",['-'],['paracetamol'],['paracetamol'],[],[]
NCBI,"Magnetic resonance imaging of cerebral venous thrombosis secondary to "" low - dose "" birth control pills .","['-', 'venous']","['cerebral', 'venous']",['cerebral'],[],['venous']
NCBI,Mean peak concentrations were markedly different : 11 . 00 + / - 2 . 89 microg / ml in OD vs . 6 . 53 + / - 1 . 45 microg / ml in TD ( P < 0 . 01 ) .,"['-', '-']","['OD', 'TD']","['OD', 'TD']",[],[]
NCBI,Mice in the early stage of LP - BM5 MuLV disease were given AZT in their drinking water at 1 . 0 and 2 . 5 mg / ml .,"['-', '-', '-', '-', '-']","['LP', '-', 'BM5', 'MuLV', 'disease']","['LP', '-', 'BM5', 'MuLV', 'disease']",[],[]
NCBI,Microbiologic eradication rates ( presumed plus documented ) of the most common pathogens ranged from 93 % ( M . catarrhalis ) to 100 % ( S . pneumoniae ) at the post - therapy visit .,"['-', '-']","['M', 'S']","['M', 'S']",[],[]
NCBI,"Minor neurological dysfunction , cognitive development , and somatic development at the age of 3 to 7 years after dexamethasone treatment in very - low birth - weight infants .","['-', '-']","['very', 'low']","['very', 'low']",[],[]
NCBI,"Moreover , the inhibitory effect of NIK - 247 on AChE was reversible .",['-'],['AChE'],['AChE'],[],[]
NCBI,Neuropathic complaints were not very troublesome on the long term .,['-'],['Neuropathic'],['Neuropathic'],[],[]
NCBI,No abnormal matrical inclusions of peroxisomes were formed in the cells of hyperplastic nodules by ethyl - alpha - p - chlorophenoxyisobutyrate unlike in the case of rats .,['-'],['hyperplastic'],['hyperplastic'],[],[]
NCBI,No malignant lesion was found .,['-'],['malignant'],['malignant'],[],[]
NCBI,OBJECTIVE : The objective of this study was to determine the prevalence of positive plasma drug screening for cocaine or amphetamine in adult emergency department seizure patients .,['seizure'],['-'],[],['seizure'],[]
NCBI,OBJECTIVE : To describe and increase awareness of a clinical scenario in which the onset or manifestations of heparin - induced thrombocytopenia are delayed .,"['-', 'thrombocytopenia']","['heparin', 'thrombocytopenia']",['heparin'],[],['thrombocytopenia']
NCBI,OBJECTIVE : To evaluate the efficacy and safety of lovastatin in women with moderate hypercholesterolemia .,"['-', 'hypercholesterolemia']","['moderate', 'hypercholesterolemia']",['moderate'],[],['hypercholesterolemia']
NCBI,OBJECTIVE : We report our experience with intravenous ribavirin therapy for severe adenovirus disease in a series of immunocompromised children and review the literature .,['-'],['immunocompromised'],['immunocompromised'],[],[]
NCBI,Occasional case reports have shown that acute myopathy may occur in patients treated with massive doses of corticosteroids .,"['-', 'myopathy']","['acute', 'myopathy']",['acute'],[],['myopathy']
NCBI,Ocular manifestations of juvenile rheumatoid arthritis .,['juvenile'],['-'],[],['juvenile'],[]
NCBI,"Older age was associated with a greater risk of developing decreased renal function in both groups , but significantly more so in the enalapril group ( enalapril : risk ratio [ RR ] 1 . 42 per 10 years , 95 % confidence interval [ CI ] 1 . 32 - 1 . 52 with enalapril ; placebo : RR 1 . 18 , 95 % CI 1 . 12 - 1 . 25 ) .","['decreased', 'renal', 'function']","['-', '-', '-']",[],"['decreased', 'renal', 'function']",[]
NCBI,Optical coherence tomography can measure axonal loss in patients with ethambutol - induced optic neuropathy .,['-'],['ethambutol'],['ethambutol'],[],[]
NCBI,"Our findings illustrate that PB may be associated with chronic liver damage , which may lead to more serious and deleterious consequences .","['-', 'liver']","['PB', 'liver']",['PB'],[],['liver']
NCBI,Overall these findings suggest that mGlu7 receptor activation can reverse motor dysfunction associated with reduced dopamine activity .,"['-', '-']","['motor', 'dysfunction']","['motor', 'dysfunction']",[],[]
NCBI,PATIENT : A 58 - year - old woman with a clinical diagnosis of dilevalol - induced liver injury .,"['-', 'liver']","['dilevalol', 'liver']",['dilevalol'],[],['liver']
NCBI,PATIENTS : Twenty - two patients with known reversible perfusion defects .,"['-', '-']","['perfusion', 'defects']","['perfusion', 'defects']",[],[]
NCBI,PURPOSE : To assess by electrophysiologic testing the effect of photorefractive keratectomy ( PRK ) on the retina and optic nerve .,['-'],['keratectomy'],['keratectomy'],[],[]
NCBI,Paclitaxel combined with carboplatin in the first - line treatment of advanced ovarian cancer .,"['-', 'ovarian']","['advanced', 'ovarian']",['advanced'],[],['ovarian']
NCBI,Peak concentrations were > 6 microg / ml in 100 % of the OD group and in 67 % of the TD group ( P < 0 . 01 ) .,"['-', '-']","['OD', 'TD']","['OD', 'TD']",[],[]
NCBI,Pemoline has not been commonly associated in the literature as a cause of acute movement disorders .,['movement'],['-'],[],['movement'],[]
NCBI,"Performance abnormalities correlated weakly with dose , exhibited a curvilinear relationship , and had a "" threshold "" for expression .","['-', '-']","['Performance', 'abnormalities']","['Performance', 'abnormalities']",[],[]
NCBI,"Phenobarbital ( PB ) has a reputation for safety , and it is commonly believed that PB - related increases in serum aminotransferase levels do not indicate or predict the development of significant chronic liver disease .","['-', 'liver']","['chronic', 'liver']",['chronic'],[],['liver']
NCBI,Phenobarbital should be added to the list of anticonvulsant drugs that can cause movement disorders .,['movement'],['-'],[],['movement'],[]
NCBI,Potential deleterious effect of furosemide in radiocontrast nephropathy .,"['-', 'nephropathy']","['radiocontrast', 'nephropathy']",['radiocontrast'],[],['nephropathy']
NCBI,Pravastatin - associated myopathy .,['-'],['Pravastatin'],['Pravastatin'],[],[]
NCBI,Prevention of breast cancer with tamoxifen : preliminary findings from the Italian randomised trial among hysterectomised women .,['-'],['hysterectomised'],['hysterectomised'],[],[]
NCBI,"Previous studies evaluated the tolerance of nimesulide and paracetamol in subjects with cutaneous , respiratory and anaphylactoid reactions induced by nonsteroidal anti - inflammatory drugs ( NSAIDs ) .","['-', '-', '-', '-', '-', '-', '-', '-', '-', '-', '-']","['cutaneous', ',', 'respiratory', 'and', 'anaphylactoid', 'reactions', 'nonsteroidal', 'anti', '-', 'inflammatory', 'NSAIDs']","['cutaneous', ',', 'respiratory', 'and', 'anaphylactoid', 'reactions', 'nonsteroidal', 'anti', '-', 'inflammatory', 'NSAIDs']",[],[]
NCBI,Production of autochthonous prostate cancer in Lobund - Wistar rats by treatments with N - nitroso - N - methylurea and testosterone .,['prostate'],['prostate'],[],[],['prostate']
NCBI,Protective effect of misoprostol on indomethacin induced renal dysfunction in elderly patients .,['-'],['indomethacin'],['indomethacin'],[],[]
NCBI,Proteinase 3 - antineutrophil cytoplasmic antibody - ( PR3 - ANCA ) positive necrotizing glomerulonephritis after restarting sulphasalazine treatment .,"['-', 'glomerulonephritis']","['necrotizing', 'glomerulonephritis']",['necrotizing'],[],['glomerulonephritis']
NCBI,Proximal tubular damage caused by HCBD and papillary damage caused by BEA were distinguished both by conventional urinalysis ( volume and specific gravity ) and by measurement of the two urinary enzymes .,"['-', '-', '-', '-', '-', '-']","['tubular', 'damage', 'HCBD', 'papillary', 'damage', 'BEA']","['tubular', 'damage', 'HCBD', 'papillary', 'damage', 'BEA']",[],[]
NCBI,Pyeloureteral filling defects associated with systemic anticoagulation : a case report .,"['-', '-', '-']","['Pyeloureteral', 'filling', 'defects']","['Pyeloureteral', 'filling', 'defects']",[],[]
NCBI,"Pyrazinamide can have adverse effects such as hepatic toxicity , hyperuricemia or digestive disorders .","['-', '-']","['digestive', 'disorders']","['digestive', 'disorders']",[],[]
NCBI,RESULTS : All tumors were grade 3 or 4 transitional cell carcinoma .,"['-', '-', 'carcinoma']","['transitional', 'cell', 'carcinoma']","['transitional', 'cell']",[],['carcinoma']
NCBI,"RESULTS : In Nx dogs , OCT significantly decreased serum PTH levels soon after the induction of renal insufficiency .",['-'],['Nx'],['Nx'],[],[]
NCBI,RESULTS : Patients randomly assigned to enalapril had a 33 % greater likelihood of decreased renal function than controls ( P = . 003 ) .,"['decreased', 'renal', 'function']","['-', '-', '-']",[],"['decreased', 'renal', 'function']",[]
NCBI,"RESULTS : The most common pathogens were Haemophilus influenzae , Streptococcus pneumoniae , Staphylococcus aureus , and Moraxella catarrhalis .",['-'],['catarrhalis'],['catarrhalis'],[],[]
NCBI,"RESULTS : The replacement of the last dose or the last two doses of mesna with dexamethasone reduced the increase in bladder wet weight induced by IFS by 84 . 79 % and 89 . 13 % , respectively .",['-'],['IFS'],['IFS'],[],[]
NCBI,"RESULTS : We identified 27 reports of toxic leukoencephalopathy in patients treated with methotrexate ( intrathecal , systemic ) , 5 - fluorouracil and its derivative carmofur , and capecitabine .","['-', 'leukoencephalopathy']","['toxic', 'leukoencephalopathy']",['toxic'],[],['leukoencephalopathy']
NCBI,Rats were stratified into control groups and ADR - induced nephropathy groups .,['-'],['ADR'],['ADR'],[],[]
NCBI,Recombinant human erythropoietin has been used to manage ribavirin - associated anemia but has other potential disadvantages .,"['-', 'anemia']","['ribavirin', 'anemia']",['ribavirin'],[],['anemia']
NCBI,Review of the literature reveals an association between tamoxifen use and gynecologic tumors .,"['-', 'tumors']","['gynecologic', 'tumors']",['gynecologic'],[],['tumors']
NCBI,SETTING : Affective Disorders Clinic at St .,"['-', '-']","['Affective', 'Disorders']","['Affective', 'Disorders']",[],[]
NCBI,Screening for stimulant use in adult emergency department seizure patients .,['seizure'],['-'],[],['seizure'],[]
NCBI,"Second - and third - generation cephalosporins , especially cefotetan , are increasingly associated with severe , sometimes fatal immune hemolytic anemia .","['-', 'hemolytic']","['immune', 'hemolytic']",['immune'],[],['hemolytic']
NCBI,"Serum PTH levels rose thereafter , but the rise was less pronounced compared with baseline than the rise seen in Nx control .",['-'],['Nx'],['Nx'],[],[]
NCBI,Severe immune hemolytic anemia associated with prophylactic use of cefotetan in obstetric and gynecologic procedures .,"['-', 'hemolytic']","['immune', 'hemolytic']",['immune'],[],['hemolytic']
NCBI,She underwent recent chemotherapy with fluorouracil for metastatic colorectal cancer .,"['-', 'colorectal']","['metastatic', 'colorectal']",['metastatic'],[],['colorectal']
NCBI,"Side effects of yohimbine included excessive sweating , increased anxiety , and a wound - up feeling in some patients .","['anxiety', '-']","['-', 'wound']",['wound'],['anxiety'],[]
NCBI,Sixty - three percent of these infants had tricuspid valve involvement .,"['-', '-', '-']","['tricuspid', 'valve', 'involvement']","['tricuspid', 'valve', 'involvement']",[],[]
NCBI,Specific gravity ( SG ) was determined in the subcortex and in two sites in the cortex ( core and periphery of the ischemic territory ) .,['ischemic'],['-'],[],['ischemic'],[]
NCBI,Structural and functional measurements indicate that androgens exert a permissive or necessary action on the structural configuration of the oropharynx that predisposes to obstruction during sleep .,['-'],['obstruction'],['obstruction'],[],[]
NCBI,"Suboptimal seizure duration is commonly encountered in electroconvulsive therapy practice , especially in older patients with higher seizure thresholds .","['seizure', 'seizure']","['-', '-']",[],"['seizure', 'seizure']",[]
NCBI,Systemically administered corticosteroids were used in 75 of 210 cases ; a significant number of posterior subcapsular cataracts was found .,"['-', '-', 'cataracts']","['posterior', 'subcapsular', 'cataracts']","['posterior', 'subcapsular']",[],['cataracts']
NCBI,The H2 - histamine receptor antagonists ranitidine and cimetidine were compared for their abilities to control gastric acid hypersecretion on a short - and long - term basis in 22 patients with gastric acid hypersecretory states .,"['-', '-', '-', '-', '-']","['hypersecretion', 'gastric', 'acid', 'hypersecretory', 'states']","['hypersecretion', 'gastric', 'acid', 'hypersecretory', 'states']",[],[]
NCBI,The ability of insulin treatment to reverse or prevent the changes in urinary bladder function caused by streptozotocin - induced diabetes mellitus .,"['-', 'diabetes']","['streptozotocin', 'diabetes']",['streptozotocin'],[],['diabetes']
NCBI,"The administration of lamivudine to patients with HBV - related cirrhosis , like our present case , should be considered as an initial medical therapeutic option , especially in countries where liver transplantation is not reliably available .","['-', '-', '-', 'cirrhosis']","['HBV', '-', 'related', 'cirrhosis']","['HBV', '-', 'related']",[],['cirrhosis']
NCBI,The age and sex of the control subjects did not differ from those of the methamphetamine dependence patients .,"['-', '-']","['methamphetamine', 'dependence']","['methamphetamine', 'dependence']",[],[]
NCBI,"The author postulates that in cases of ethambutol associated chiasmopathy , ethambutol may initially affect the optic nerves and subsequently progress to involve the optic chiasm .",['-'],['chiasmopathy'],['chiasmopathy'],[],[]
NCBI,The authors present a case of failure of ancrod treatment in a patient with heparin - induced thrombosis .,"['-', '-', '-', 'thrombosis']","['heparin', '-', 'induced', 'thrombosis']","['heparin', '-', 'induced']",[],['thrombosis']
NCBI,The cardiomyopathy is attributed 1 ) to the fact that radiation fields for left Wilms tumor include the lower portion of the heart and 2 ) to the interaction of doxorubicin and irradiation on cardiac muscle .,"['-', 'Wilms']","['left', 'Wilms']",['left'],[],['Wilms']
NCBI,"The case illustrates that , despite the results of earlier studies , trazodone ' s effect on cardiac conduction may be severe in individuals at risk for conduction delay .","['-', '-']","['conduction', 'delay']","['conduction', 'delay']",[],[]
NCBI,The control group consisted of 82 patients with no psychiatric or endocrinological diagnoses from the hospital ' s out - patient clinics .,['psychiatric'],['-'],[],['psychiatric'],[]
NCBI,The data indicate that the effects of streptozotocin - induced diabetes on urinary bladder function are both prevented and reversed by insulin treatment .,['diabetes'],['-'],[],['diabetes'],[]
NCBI,"The data suggest that in VIP ( - / - ) mice with bladder inflammation , inflammatory mediators are increased above that observed in WT with CYP .",['-'],['CYP'],['CYP'],[],[]
NCBI,"The diagnosis of propylthiouracil ( PTU ) - associated vasculitis was made by observation of consistent clinical features , the detection of elevated ANA and ANCA in the blood , and the observed clinical resolution of symptoms following withdrawal of PTU .","['-', 'vasculitis']","['propylthiouracil', 'vasculitis']",['propylthiouracil'],[],['vasculitis']
NCBI,"The extent of neuronal injury was determined by 2 , 3 , 5 - triphenyltetrazolium staining .","['neuronal', 'injury']","['-', '-']",[],"['neuronal', 'injury']",[]
NCBI,The field defects and some electrophysiological abnormalities persist when vigabatrin therapy is withdrawn .,"['-', '-', '-', '-']","['field', 'defects', 'electrophysiological', 'abnormalities']","['field', 'defects', 'electrophysiological', 'abnormalities']",[],[]
NCBI,The findings showed that peripheral iron dextran overload increased the iron staining positive cells and reduced the number of TH - immunoreactive neurons in the SN .,"['-', '-']","['dextran', 'overload']","['dextran', 'overload']",[],[]
NCBI,The incidence of extrapyramidal side effects ( EPS ) was evaluated in 98 patients treated with haloperidol .,"['-', '-']","['extrapyramidal', 'EPS']","['extrapyramidal', 'EPS']",[],[]
NCBI,The incidence of ischemic episodes per patient per hour was 0 . 05 + / - 0 . 02 prior to 5 - FU infusion v 0 . 13 + / - 0 . 03 during 5 - FU infusion ( P less than . 001 ) ; the duration of ECG changes was 0 . 6 + / - 0 . 3 minutes per patient per hour before 5 - FU v 1 . 9 + / - 0 . 5 minutes per patient per hour during 5 - FU ( P less than . 01 ) .,['ischemic'],['-'],[],['ischemic'],[]
NCBI,"The incidence of severe adenovirus disease in pediatrics is increasing in association with growing numbers of immunocompromised children , where case fatality rates as high as 50 % to 80 % have been reported .",['-'],['immunocompromised'],['immunocompromised'],[],[]
NCBI,"The main side effects of subcutaneous apomorphine treatment are related to cutaneous tolerability problems , whereas sedation and psychiatric complications play a lesser role .",['psychiatric'],['-'],[],['psychiatric'],[]
NCBI,The mean SC - 48334 steady - state trough level ( 4 . 04 + / - 0 . 99 micrograms / ml ) was below the in vitro inhibitory concentration for human immunodeficiency virus ( HIV ) .,"['-', 'immunodeficiency', '-', '-']","['human', 'immunodeficiency', 'virus', 'HIV']","['human', 'virus', 'HIV']",[],['immunodeficiency']
NCBI,The morbidity and mortality associated with heparin - induced thrombosis remain high despite numerous empirical therapies .,"['-', '-', 'thrombosis']","['heparin', 'induced', 'thrombosis']","['heparin', 'induced']",[],['thrombosis']
NCBI,"The movement disorder investigated in these studies has some features in common with human idiopathic dystonia , and information obtained in these studies may be of potential clinical benefit .","['-', 'dystonia']","['idiopathic', 'dystonia']",['idiopathic'],[],['dystonia']
NCBI,The nephroprotective effect of coenzyme Q10 was investigated in mice with acute renal injury induced by a single i . p . injection of cisplatin ( 5 mg / kg ) .,"['acute', 'renal']","['-', 'renal']",[],['acute'],['renal']
NCBI,"The objective of this study was to assess minor neurological dysfunction , cognitive development , and somatic development after dexamethasone therapy in very - low - birthweight infants .",['-'],['very'],['very'],[],[]
NCBI,"The occurrence of PVC ' s correlated significantly with the fall in serum K + observed r = 0 . 72 , p less than 0 . 001 .","['-', '-']","['PVC', ""'""]","['PVC', ""'""]",[],[]
NCBI,"The present data indicate that the determination of malondialdehyde , oxypurines , and nucleosides in peripheral blood , may be used to monitor the metabolic alterations of tissues occurring during ischemic phenomena . ( ABSTRACT TRUNCATED AT 250 WORDS )",['ischemic'],['-'],[],['ischemic'],[]
NCBI,The present study points to patient characteristics that may be of significance in the development of EPS due to haloperidol .,['-'],['EPS'],['EPS'],[],[]
NCBI,The purpose of the study was to determine the efficacy of furosemide in addition to intravenous fluids in the prevention of radiocontrast nephropathy .,"['-', 'nephropathy']","['radiocontrast', 'nephropathy']",['radiocontrast'],[],['nephropathy']
NCBI,"The purpose of this study was to screen for efficacy of a different formulation of adenosine marketed in the US , using both acute noxious stimulation and capsaicin - evoked mechanical hypersensitivity .","['-', 'hypersensitivity']","['mechanical', 'hypersensitivity']",['mechanical'],[],['hypersensitivity']
NCBI,The remaining patient with extensive cancer underwent partial cystectomy for palliation and died 3 months later .,"['-', 'cancer']","['extensive', 'cancer']",['extensive'],[],['cancer']
NCBI,The renal pathology in a case of lithium - induced diabetes insipidus .,"['-', '-', '-', 'diabetes']","['lithium', '-', 'induced', 'diabetes']","['lithium', '-', 'induced']",[],['diabetes']
NCBI,"The results indicate that , in this model , a subpopulation of GAD mRNA - containing neurons within the dentate gyrus is selectively vulnerable to seizure - induced damage .",['seizure'],['-'],[],['seizure'],[]
NCBI,The results show that both drugs can adequately inhibit acid secretion in patients with gastric hypersecretory states .,"['-', '-']","['gastric', 'hypersecretory']","['gastric', 'hypersecretory']",[],[]
NCBI,The role of cyclosporine ( CSA ) alone or in combination with various chemotherapeutics in the development of renal toxicity was evaluated in rats .,['toxicity'],['-'],[],['toxicity'],[]
NCBI,The study involved 129 patients with diabetes with serum creatinine concentrations of 1 . 5 to 3 . 5 mg per deciliter who underwent coronary or aortofemoral angiography .,['diabetes'],['-'],[],['diabetes'],[]
NCBI,"The two metabolic phenotypes , extensive ( EM ) and poor metabolizers ( PM ) , show different stereoselective metabolism , resulting in apparently higher beta - 1 adrenoceptor antagonistic potency of racemic metoprolol in EMs .",['-'],['EMs'],['EMs'],[],[]
NCBI,The use of adriamycin ( ADR ) in cancer chemotherapy has been limited due to its cumulative cardiovascular toxicity .,"['cardiovascular', 'toxicity']","['-', '-']",[],"['cardiovascular', 'toxicity']",[]
NCBI,Their safety in patients undergoing intracranial surgery is under debate .,['-'],['surgery'],['surgery'],[],[]
NCBI,"There are no approved antiviral agents with proven efficacy for the treatment of severe adenovirus disease , nor are there any prospective randomized , controlled trials of potentially useful anti - adenovirus therapies .",['-'],['adenovirus'],['adenovirus'],[],[]
NCBI,There are no published ASA studies using the multiple dosing paradigm of GDs 6 to 17 .,['-'],['ASA'],['ASA'],[],[]
NCBI,There have also been two reported fatalities from DM overdoses ( Fleming 1986 ) .,['-'],['DM'],['DM'],[],[]
NCBI,"There was a difference in metoprolol potency with higher racemic metoprolol IC50 values in PMs ( 72 + / - 7 ng . ml - 1 ) than EMs ( 42 + / - 8 ng . ml - 1 , P less than . 001 ) . ( ABSTRACT TRUNCATED AT 250 WORDS )","['-', '-']","['PMs', 'EMs']","['PMs', 'EMs']",[],[]
NCBI,There was a history of ischemic cardiac disease 9 years earlier .,['cardiac'],['cardiac'],[],[],['cardiac']
NCBI,"There were no abnormalities or only isolated degeneration in the 1 - or 2 - wk treatment groups , isolated or scattered degeneration in half of the 3 - wk group , frequent scattered degeneration in the 4 - wk group , scattered or focal degeneration in the 5 - wk group , and extensive degeneration in the 8 - wk group .","['-', '-', '-', '-', '-']","['degeneration', 'degeneration', 'degeneration', 'degeneration', 'degeneration']","['degeneration', 'degeneration', 'degeneration', 'degeneration', 'degeneration']",[],[]
NCBI,"There were two cases of sudden death , both of which occurred at the end of the chemotherapy course .",['death'],['-'],[],['death'],[]
NCBI,Therefore we did a trial in hysterectomised women of tamoxifen as a chemopreventive .,['-'],['hysterectomised'],['hysterectomised'],[],[]
NCBI,These data demonstrate that administration of MP before and after TDI reduces the frequency and severity of the arthralgia - myalgia syndrome .,"['-', 'myalgia', '-']","['-', 'myalgia', 'syndrome']","['-', 'syndrome']",[],['myalgia']
NCBI,These data indicate that the adaptive response to ISO shows an early hypertrophic phase ( 1 - 4 days ) characterized by a substantial increase in RNA content and cardiac mass in the absence of changes in DNA .,['hypertrophic'],['-'],[],['hypertrophic'],[]
NCBI,These findings suggest that B1R is detrimental in DOX cardiomyopathy in that it mediates the inflammatory response and apoptosis .,"['-', 'cardiomyopathy']","['DOX', 'cardiomyopathy']",['DOX'],[],['cardiomyopathy']
NCBI,These insights might have useful implications for future studies utilizing B1R antagonists for treatment of human DOX cardiomyopathy .,"['-', 'cardiomyopathy']","['DOX', 'cardiomyopathy']",['DOX'],[],['cardiomyopathy']
NCBI,"These observations , in conjunction with clinical and laboratory evidence of extravascular hemolysis , are consistent with drug - induced hemolytic anemia , possibly involving both drug - adsorption and autoantibody formation mechanisms .","['-', 'hemolysis']","['extravascular', 'hemolysis']",['extravascular'],[],['hemolysis']
NCBI,These observations speak against long - term effects of acute liver failure .,['acute'],['-'],[],['acute'],[]
NCBI,"These results demonstrate that , in these experimental conditions , DXNP killed less animals than free DX , despite of an enhanced renal toxicity of the former .","['renal', 'toxicity']","['-', '-']",[],"['renal', 'toxicity']",[]
NCBI,This antidyskinetic drug is widely used in clinical psychiatric practice and physicians should be aware of this side effect .,['psychiatric'],['-'],[],['psychiatric'],[]
NCBI,This case emphasizes the need for increased awareness of hemolytic reactions to all cephalosporins .,['-'],['hemolytic'],['hemolytic'],[],[]
NCBI,This case suggests that sulphasalazine can induce PR3 - ANCA - positive necrotizing glomerulonephritis .,"['-', 'glomerulonephritis']","['necrotizing', 'glomerulonephritis']",['necrotizing'],[],['glomerulonephritis']
NCBI,This experience raises the question of the role of BMT itself as a therapeutic option for patients with uncontrolled destructive synovitis .,"['-', 'synovitis']","['destructive', 'synovitis']",['destructive'],[],['synovitis']
NCBI,This expression may represent an endogenous damping mechanism since NPY has been shown to block seizure - like events following high - frequency stimulation in hippocampal slices .,['seizure'],['-'],[],['seizure'],[]
NCBI,This is consistent with prior histopathological studies that show predominant loss of parvo - cellular axons ( or small - caliber axons ) within the papillo - macular bundle in toxic or hereditary optic neuropathies .,"['-', '-', '-', 'optic']","['toxic', 'or', 'hereditary', 'optic']","['toxic', 'or', 'hereditary']",[],['optic']
NCBI,"This report also suggests that , even after long - term administration , the hepatic toxicity is reversible .","['hepatic', 'toxicity']","['-', '-']",[],"['hepatic', 'toxicity']",[]
NCBI,This study examined the utility of biometry for detecting alcohol - related fetal growth impairment .,"['-', '-', 'growth']","['alcohol', 'fetal', 'growth']","['alcohol', 'fetal']",[],['growth']
NCBI,This study was undertaken to determine the effects of OCT on serum PTH levels and bone turnover in states of normal or impaired renal function .,"['impaired', 'renal']","['-', '-']",[],"['impaired', 'renal']",[]
NCBI,This suggests that alpha - TC and DFO ameliorate the MA - induced neuronal damage by decreasing the level of oxidative stress .,"['-', 'neuronal', 'damage']","['MA', '-', '-']",['MA'],"['neuronal', 'damage']",[]
NCBI,"Thus , a clear pharmacological differentiation was found between LES and FPS .","['-', '-']","['LES', 'FPS']","['LES', 'FPS']",[],[]
NCBI,"Tiapride had no effect on levodopa - induced early morning of "" off - period "" segmental dystonia .","['-', 'dystonia']","['segmental', 'dystonia']",['segmental'],[],['dystonia']
NCBI,"To our knowledge , this is the first discussion considering the possibility that the methylprednisolone recommended by NASCIS may cause acute corticosteroid myopathy .","['-', 'myopathy']","['corticosteroid', 'myopathy']",['corticosteroid'],[],['myopathy']
NCBI,Two children with Wilms tumor of the left kidney experienced severe anthracycline cardiomyopathy after irradiation to the tumor bed and conventional dosage of doxorubicin .,"['-', '-', '-', '-', 'cardiomyopathy']","['of', 'the', 'kidney', 'anthracycline', 'cardiomyopathy']","['of', 'the', 'kidney', 'anthracycline']",[],['cardiomyopathy']
NCBI,"Two halogenated anesthetics , enflurane and isoflurane , have been associated with an allergic - type hepatic injury both alone and following previous exposure to halothane .",['-'],['allergic'],['allergic'],[],[]
NCBI,Urinary concentration defect appeared frequent but the extent of the impairment is difficult to assess because of the uncertainty about the norms applicable to this group of patients .,"['-', '-', '-']","['Urinary', 'concentration', 'defect']","['Urinary', 'concentration', 'defect']",[],[]
NCBI,Urine nitrite levels were significantly increased in the ADR - nephropathy group ( P < 0 . 05 ) .,"['-', '-', 'nephropathy']","['ADR', '-', 'nephropathy']","['ADR', '-']",[],['nephropathy']
NCBI,"Using a rat model of adriamycin - induced cardiomyopathy , we tested the hypothesis that abnormal cardiac adrenergic neuron activity may appear and be exacerbated dose - dependently in adriamycin cardiomyopathy .","['-', '-', 'cardiomyopathy']","['adriamycin', 'adriamycin', 'cardiomyopathy']","['adriamycin', 'adriamycin']",[],['cardiomyopathy']
NCBI,"Valproic acid I : time course of lipid peroxidation biomarkers , liver toxicity , and valproic acid metabolite levels in rats .","['liver', 'toxicity']","['-', '-']",[],"['liver', 'toxicity']",[]
NCBI,Value of methylprednisolone in prevention of the arthralgia - myalgia syndrome associated with the total dose infusion of iron dextran : a double blind randomized trial .,"['-', 'myalgia', '-']","['-', 'myalgia', 'syndrome']","['-', 'syndrome']",[],['myalgia']
NCBI,We compared age - specific mortality rates from 1 year post - discharge through 2008 between those in whom the liver injury led to an acute liver failure and those in whom it did not .,['acute'],['-'],[],['acute'],[]
NCBI,We conducted a systematic review of the effects of dexmedetomidine on cardiac outcomes following non - cardiac surgery .,"['-', '-', '-']","['non', '-', 'cardiac']","['non', '-', 'cardiac']",[],[]
NCBI,We describe the case of a woman who developed the syndrome after chemotherapy for metastatic cancer .,"['-', 'cancer']","['metastatic', 'cancer']",['metastatic'],[],['cancer']
NCBI,We followed 210 cases of juvenile rheumatoid arthritis closely for eleven years .,['juvenile'],['-'],[],['juvenile'],[]
NCBI,We interpret this as episodes of cardiac arrest caused by metoclopramide .,['arrest'],['-'],[],['arrest'],[]
NCBI,We investigated the potential role of mitochondrial injury in the onset of these lesions .,"['mitochondrial', 'injury']","['-', '-']",[],"['mitochondrial', 'injury']",[]
NCBI,"We need more evidence on the safety of HT for menopausal symptom control , though short - term use appears to be relatively safe for healthy younger women .",['-'],['menopausal'],['menopausal'],[],[]
NCBI,We prospectively performed continuous ambulatory ECG monitoring on 25 patients undergoing 5 - FU infusion for treatment of solid tumors in order to assess the incidence of ischemic ST changes .,"['-', 'tumors', 'ischemic']","['solid', 'tumors', '-']",['solid'],['ischemic'],['tumors']
NCBI,We report an investigation from a local surveillance for serious adverse drug reactions associated with disease modifying anti - rheumatic drugs that was triggered by the occurrence of liver failure in two of our patients .,['-'],['rheumatic'],['rheumatic'],[],[]
NCBI,We report the clinical and bioptic findings for a 57 - year - old woman with severe chloroquine - induced myopathy .,['-'],['chloroquine'],['chloroquine'],[],[]
NCBI,"When the treatment last only 2 weeks , the presence of PB did not change significantly the last parameters .",['-'],['PB'],['PB'],[],[]
NCBI,"While AAP caused a 117 - fold elevation of serum transaminase activities in mice kept on a standard laboratory diet , which was significantly exacerbated by ethanol and inhibited by nicotinic acid amide ( NAA ) , adverse effects were noted in animals fed a diet free of precursors of NAD .",['-'],['NAD'],['NAD'],[],[]
NCBI,"While lovastatin and simvastatin have been associated with toxic myopathy , pravastatin - associated myopathy could represent a distinct , inflammatory entity .","['-', 'myopathy']","['toxic', 'myopathy']",['toxic'],[],['myopathy']
NCBI,"Without the knowledge of the medical personnel , the patient ' s mother administered three doses of clonidine during the evening before and morning of surgery to reduce anxiety .",['anxiety'],['-'],[],['anxiety'],[]
NCBI,Women who had endometrial cancer and had received tamoxifen had more advanced disease and poorer prognosis than those with endometrial cancer who had not received this treatment .,"['advanced', 'disease']","['-', '-']",[],"['advanced', 'disease']",[]
